City_ID,City,Lat,Lng,Max Temp (F),Humidity,Cloudiness,Wind Speed,Country,Date
0,leer,53.2316,7.461,59,86,100,2.06,DE,1682276713
1,aasiaat,68.7098,-52.8699,33,99,100,4.49,GL,1682276714
2,adamstown,-25.066,-130.1015,76,88,100,6.99,PN,1682276714
3,puerto ayora,-0.7393,-90.3518,88,87,100,5.81,EC,1682276715
4,thompson,55.7435,-97.8558,32,55,20,6.17,CA,1682276615
5,nar'yan-mar,67.6713,53.087,19,91,26,6.43,RU,1682276715
6,west island,-12.1568,96.8225,81,89,40,4.63,CC,1682276716
7,edinburgh of the seven seas,-37.0676,-12.3116,63,78,100,11.71,SH,1682276716
8,at taj,24.2049,23.2857,86,16,59,4.97,LY,1682276717
9,sao cristovao,-11.0147,-37.2064,84,65,40,5.14,BR,1682276717
10,ilulissat,69.2167,-51.1,36,93,75,1.03,GL,1682276717
11,anadyr,64.75,177.4833,22,85,40,6.71,RU,1682276718
12,college,64.8569,-147.8028,15,53,100,10.29,US,1682276718
13,yuli,9.6989,10.2744,86,51,60,3.72,NG,1682276719
14,masuguru,-11.3667,38.4167,73,96,8,1.29,TZ,1682276720
15,papatowai,-46.5619,169.4708,49,63,51,8.99,NZ,1682276720
16,lihue,21.9789,-159.3672,78,95,100,1.54,US,1682276462
17,port elizabeth,-33.918,25.5701,72,66,0,1.34,ZA,1682276721
18,port-aux-francais,-49.35,70.2167,39,72,100,14.85,TF,1682276722
19,'ain benian,36.8028,2.9219,68,68,0,0.64,DZ,1682276722
20,jaumave,23.4167,-99.3833,93,28,50,0.6,MX,1682276723
21,manggar,-2.8833,108.2667,81,82,86,2.46,ID,1682276723
22,hwange,-18.3693,26.5019,76,45,76,0.6,ZW,1682276724
23,alliance,40.9153,-81.1059,46,67,100,4.87,US,1682276650
24,champerico,14.3,-91.9167,94,57,18,5.46,GT,1682276549
25,bychawa,51.0161,22.533,57,63,87,4.29,PL,1682276725
26,hadibu,12.65,54.0333,83,76,14,0.71,YE,1682276725
27,hilo,19.7297,-155.09,78,84,75,4.12,US,1682276722
28,ust-nera,64.5667,143.2,14,96,100,3.18,RU,1682276726
29,bethel,41.3712,-73.414,62,79,100,4.12,US,1682276727
30,mahina,-17.5065,-149.489,80,89,75,2.57,PF,1682276727
31,bredasdorp,-34.5322,20.0403,64,84,100,2.63,ZA,1682276727
32,puerto natales,-51.7236,-72.4875,52,54,75,3.6,CL,1682276728
33,sisimiut,66.9395,-53.6735,34,100,100,4.32,GL,1682276728
34,st. john's,47.5649,-52.7093,41,96,100,11.18,CA,1682276729
35,uturoa,-16.7333,-151.4333,83,77,98,7.46,PF,1682276729
36,qaqortoq,60.7167,-46.0333,36,75,100,1.61,GL,1682276730
37,blackmans bay,-43.0167,147.3167,45,86,68,2.53,AU,1682276730
38,robertsport,6.7533,-11.3686,83,79,41,4.11,LR,1682276731
39,surgut,61.25,73.4167,41,100,100,2.0,RU,1682276731
40,ushuaia,-54.8,-68.3,46,57,20,1.03,AR,1682276732
41,luderitz,-26.6481,15.1594,65,47,100,3.83,NA,1682276732
42,wailua homesteads,22.0669,-159.378,77,94,100,1.54,US,1682276732
43,tavricheskoye,54.5851,73.6395,50,74,100,3.77,RU,1682276733
44,albany,42.6001,-73.9662,52,91,100,0.89,US,1682276513
45,nadym,65.5333,72.5167,34,97,100,8.15,RU,1682276734
46,georgetown,5.4112,100.3354,79,94,20,2.24,MY,1682276678
47,chivacoa,10.1603,-68.895,85,64,43,2.72,VE,1682276735
48,saint-philippe,-21.3585,55.7679,78,77,100,3.14,RE,1682276735
49,kerikeri,-35.2268,173.9474,53,92,15,3.58,NZ,1682276736
50,alofi,-19.0595,-169.9187,71,94,2,2.57,NU,1682276736
51,jasper,37.2001,-94.3502,59,30,40,3.09,US,1682276736
52,wynyard,-41.0,145.7167,54,98,31,2.64,AU,1682276737
53,pauini,-7.7136,-66.9764,82,70,100,1.32,BR,1682276737
54,isafjordur,66.0755,-23.124,39,52,0,5.14,IS,1682276738
55,kayangel,8.0823,134.7173,82,73,80,3.37,PW,1682276738
56,waitangi,-43.9535,-176.5597,56,92,100,1.79,NZ,1682276738
57,totness,5.8833,-56.3167,81,77,93,2.84,SR,1682276739
58,mary,37.0,62.5,81,12,100,5.18,TM,1682276739
59,olonkinbyen,70.9221,-8.7187,24,59,18,6.35,SJ,1682276740
60,timbuktu,16.7735,-3.0074,92,11,1,4.76,ML,1682276590
61,jamestown,42.097,-79.2353,43,67,100,5.66,US,1682276548
62,chandler,33.3062,-111.8412,91,17,40,2.57,US,1682276741
63,vorgashor,67.5833,63.95,18,85,100,6.89,RU,1682276741
64,talnakh,69.4865,88.3972,34,92,99,3.73,RU,1682276742
65,tofol,5.3248,163.0078,83,79,93,6.09,FM,1682276742
66,margate,51.3813,1.3862,51,83,99,0.89,GB,1682276740
67,ribeira grande,38.5167,-28.7,65,88,75,2.68,PT,1682276743
68,ebon,4.582,168.6964,83,79,33,7.26,MH,1682276743
69,dudinka,69.4058,86.1778,35,87,100,6.56,RU,1682276744
70,sittwe,20.15,92.9,81,75,0,1.44,MM,1682276744
71,madras,13.0878,80.2785,86,88,75,4.12,IN,1682276529
72,vetluzhskiy,58.3902,45.4654,53,63,100,1.65,RU,1682276745
73,flying fish cove,-10.4217,105.6791,81,81,23,6.9,CX,1682276450
74,tiksi,71.6872,128.8694,9,96,100,1.71,RU,1682276746
75,east london,-33.0153,27.9116,69,73,0,1.54,ZA,1682276747
76,port mathurin,-19.6833,63.4167,79,81,8,7.87,MU,1682276747
77,talara,-4.5772,-81.2719,89,66,40,8.23,PE,1682276748
78,garachico,28.7781,-17.7646,65,73,75,3.6,ES,1682276748
79,konarka,19.9,86.1167,77,79,47,3.23,IN,1682276748
80,vilyuchinsk,52.9306,158.4028,32,80,100,4.63,RU,1682276749
81,udachny,66.4167,112.4,10,98,100,0.91,RU,1682276749
82,chonchi,-42.6128,-73.8092,58,65,100,0.76,CL,1682276549
83,acacias,3.987,-73.758,75,88,100,1.14,CO,1682276750
84,bilibino,68.0546,166.4372,16,67,96,2.84,RU,1682276750
85,alice springs,-23.7,133.8833,50,87,0,2.46,AU,1682276579
86,mitsamiouli,-11.3847,43.2844,82,77,0,1.46,KM,1682276751
87,avarua,-21.2078,-159.775,77,73,31,3.6,CK,1682276752
88,klyuchi,52.2667,79.1667,49,50,100,7.75,RU,1682276752
89,afaahiti,-17.75,-149.2833,78,84,100,8.25,PF,1682276753
90,stanley,54.868,-1.6985,45,86,100,6.76,GB,1682276496
91,los llanos de aridane,28.6585,-17.9182,64,90,75,3.6,ES,1682276753
92,yulinshi,38.2906,109.7494,38,86,75,3.72,CN,1682276754
93,invercargill,-46.4,168.35,46,73,84,7.15,NZ,1682276618
94,egilsstadir,65.2653,-14.3948,36,55,40,5.14,IS,1682276594
95,tual,-5.6667,132.75,82,79,87,3.92,ID,1682276755
96,revda,56.801,59.9303,44,71,95,3.36,RU,1682276755
97,constantia,44.1833,28.65,51,74,11,3.15,RO,1682276756
98,carnarvon,-24.8667,113.6333,72,75,100,6.04,AU,1682276756
99,'ain el turk,35.7438,-0.7693,69,68,0,3.6,DZ,1682276757
100,galle,6.0367,80.217,82,82,98,1.03,LK,1682276757
101,south hedland,-20.4089,118.5983,75,73,40,3.09,AU,1682276757
102,grytviken,-54.2811,-36.5092,39,96,100,5.14,GS,1682276758
103,badger,64.8,-147.5333,15,52,100,10.29,US,1682276758
104,praia da vitoria,38.7333,-27.0667,68,88,75,8.83,PT,1682276759
105,santa terezinha,-29.9002,-50.0904,72,73,83,5.55,BR,1682276759
106,nyurba,63.2842,118.3319,3,100,95,1.29,RU,1682276760
107,oyama,36.3,139.8,58,32,28,0.9,JP,1682276760
108,bonaberi,4.0779,9.6759,82,78,20,0.51,CM,1682276760
109,hamilton,39.1834,-84.5333,48,59,100,5.66,US,1682276761
110,iqaluit,63.7506,-68.5145,34,86,100,6.17,CA,1682276761
111,port alfred,-33.5906,26.891,66,78,100,4.95,ZA,1682276762
112,betulia,6.1128,-75.9838,77,63,73,1.09,CO,1682276762
113,opuwo,-18.0607,13.84,73,52,62,2.23,NA,1682276467
114,mogok,22.9167,96.5,62,75,10,0.49,MM,1682276763
115,sinop,41.7711,34.8709,46,94,100,1.25,TR,1682276764
116,yuzhno-kurilsk,44.0306,145.8556,35,81,65,6.4,RU,1682276764
117,tidjikja,18.5564,-11.4271,90,11,0,5.0,MR,1682276542
118,pokhara,28.2333,83.9833,66,34,65,3.61,NP,1682276765
119,taoudenni,22.6783,-3.9836,91,8,0,2.35,ML,1682276765
120,enewetak,11.3474,162.3373,81,82,91,8.51,MH,1682276485
121,enniskillen,54.3461,-7.6413,47,78,100,2.36,GB,1682276766
122,puerto aysen,-45.4,-72.7,59,81,100,1.44,CL,1682276767
123,tobruk,32.0836,23.9764,65,75,0,6.75,LY,1682276767
124,tura,25.5198,90.2201,66,74,67,1.46,IN,1682276676
125,mezhdurechenskiy,59.6,65.9333,42,73,88,6.28,RU,1682276768
126,dryden,49.7833,-92.7503,36,38,0,3.6,CA,1682276769
127,villa ojo de agua,-29.5,-63.6938,56,91,100,3.57,AR,1682276769
128,saudarkrokur,65.7461,-19.6394,35,61,39,1.82,IS,1682276769
129,daru,-9.0763,143.2092,80,89,100,5.16,PG,1682276770
130,mossel bay,-34.1831,22.146,68,79,100,1.7,ZA,1682276771
131,nguti,5.3299,9.4185,77,89,100,0.68,CM,1682276771
132,tweed heads,-28.1817,153.547,70,78,75,6.69,AU,1682276771
133,lugu,23.7464,120.7525,70,98,38,0.19,TW,1682276772
134,iskateley,67.6803,53.1512,19,91,25,6.4,RU,1682276772
135,karratha,-20.7377,116.8463,80,62,76,0.91,AU,1682276773
136,dwarka,22.2394,68.9678,80,82,9,5.88,IN,1682276773
137,hermanus,-34.4187,19.2345,64,87,100,4.21,ZA,1682276774
138,kuala belait,4.5833,114.1833,81,88,44,2.33,BN,1682276775
139,pingliang,35.5392,106.6861,37,97,100,2.8,CN,1682276706
140,ancud,-41.8697,-73.8203,56,64,100,1.02,CL,1682276775
141,lompoc,34.6391,-120.4579,74,73,2,3.58,US,1682276776
142,margaret river,-33.95,115.0667,57,86,100,9.79,AU,1682276742
143,keflavik,64.0049,-22.5624,45,65,75,2.57,IS,1682276777
144,sungailiat,-1.85,106.1333,80,85,82,1.83,ID,1682276777
145,fale old settlement,-9.3852,-171.2468,83,75,32,2.78,TK,1682276778
146,lebu,-37.6167,-73.65,59,73,0,5.77,CL,1682276540
147,maracas,-13.4411,-40.4308,76,51,95,4.35,BR,1682276778
148,lerwick,60.1545,-1.1494,41,67,100,13.67,GB,1682276779
149,cabo san lucas,22.8909,-109.9124,91,46,77,2.66,MX,1682276574
150,solnechnyy,50.7214,136.6319,27,95,99,1.67,RU,1682276780
151,kodiak,57.79,-152.4072,37,44,0,5.66,US,1682276780
152,novodvinsk,64.4165,40.8122,25,88,95,0.58,RU,1682276781
153,sona,45.4388,10.8255,66,68,40,3.6,IT,1682276781
154,yellowknife,62.456,-114.3525,49,37,40,1.03,CA,1682276781
155,nadi,-17.8,177.4167,73,83,20,3.09,FJ,1682276782
156,arraial do cabo,-22.9661,-42.0278,81,53,0,5.14,BR,1682276782
157,betio village,1.358,172.9211,82,80,39,6.58,KI,1682276783
158,santa maria,-29.6842,-53.8069,80,47,20,4.12,BR,1682276533
159,port saint john's,-31.6229,29.5448,68,76,19,3.8,ZA,1682276783
160,dengzhou,37.8086,120.7508,50,54,100,3.25,CN,1682276784
161,surprise,33.6306,-112.3332,90,16,20,2.24,US,1682276784
162,ugoofaaru,5.6667,73.0,85,74,24,4.75,MV,1682276785
163,mahalapye,-23.1041,26.8142,73,20,19,2.23,BW,1682276785
164,susuman,62.7833,148.1667,17,94,99,3.35,RU,1682276786
165,ripoll,42.2006,2.1903,58,76,98,0.89,ES,1682276786
166,sitangkai,4.6628,119.3928,84,73,33,3.25,PH,1682276787
167,sumbe,-11.2061,13.8437,80,86,100,2.56,AO,1682276787
168,cill airne,52.05,-9.5167,48,83,16,2.45,IE,1682276788
169,ujae,8.9322,165.7642,82,85,99,9.35,MH,1682276788
170,whitehorse,60.7161,-135.0538,42,80,100,4.12,CA,1682276788
171,upington,-28.4478,21.2561,70,17,0,0.51,ZA,1682276789
172,turpan,42.9333,89.1667,60,21,0,0.21,CN,1682276789
173,saipan,15.1355,145.701,81,100,75,7.72,MP,1682276790
174,codrington,-38.2667,141.9667,51,86,0,2.69,AU,1682276790
175,gadzhiyevo,69.2551,33.3362,27,85,98,10.21,RU,1682276791
176,aioun,16.6614,-9.6149,94,12,3,4.73,MR,1682276791
177,crane,31.3974,-102.3501,47,74,100,5.39,US,1682276791
178,tazovsky,67.4667,78.7,33,98,100,6.84,RU,1682276792
179,tanout,14.9709,8.8879,90,8,25,3.87,NE,1682276792
180,pudozh,61.8099,36.5345,33,98,99,1.54,RU,1682276793
181,saint-pierre,-21.3393,55.4781,79,78,0,2.06,RE,1682276793
182,lata,40.1629,-8.3327,62,83,69,2.85,PT,1682276793
183,mranggen,-7.0268,110.5158,80,83,100,3.09,ID,1682276794
184,viborg,56.4532,9.402,53,78,100,2.63,DK,1682276794
185,kavaratti,10.5669,72.642,84,72,100,5.19,IN,1682276795
186,macau,22.2006,113.5461,77,94,40,5.14,MO,1682276602
187,arno,60.1167,18.6333,40,83,100,0.86,SE,1682276795
188,huaicheng,23.9051,112.1931,72,96,96,1.31,CN,1682276796
189,kununurra,-15.7667,128.7333,63,94,5,0.0,AU,1682276606
190,mugia,43.1041,-9.2179,62,95,41,3.93,ES,1682276797
191,new norfolk,-42.7826,147.0587,46,61,12,1.62,AU,1682276797
192,nyasvizh,53.2181,26.6725,55,59,100,3.64,BY,1682276798
193,mount pearl,47.5166,-52.7813,40,96,100,9.26,CA,1682276760
194,baise city,23.8997,106.6133,80,79,65,2.24,CN,1682276798
195,tindouf,27.6711,-8.1474,84,12,6,3.07,DZ,1682276799
196,la passe,45.5549,-0.8967,57,91,35,8.06,FR,1682276799
197,laojunmiao,39.8333,97.7333,44,45,100,4.69,CN,1682276800
198,kuytun,54.3419,101.5036,29,59,20,1.98,RU,1682276800
199,nuuk,64.1835,-51.7216,42,65,75,1.03,GL,1682276801
200,utrik,11.2278,169.8474,80,81,40,10.1,MH,1682276801
201,baiti,13.745,-14.7482,101,13,5,3.06,SN,1682276801
202,chibuto,-24.6867,33.5306,70,91,3,2.48,MZ,1682276802
203,hanceville,34.0607,-86.7675,64,49,99,3.41,US,1682276802
204,sinabang,2.4803,96.3801,81,80,100,1.71,ID,1682276803
205,namibe,-15.1961,12.1522,76,69,91,6.86,AO,1682276803
206,hasaki,35.7333,140.8333,53,76,100,7.46,JP,1682276804
207,lavrio,37.7145,24.0565,65,66,5,1.4,GR,1682276777
208,puerto deseado,-47.7503,-65.8938,61,42,95,1.88,AR,1682276804
209,vanimo,-2.6741,141.3028,77,89,100,1.65,PG,1682276805
210,xinzhi,36.4989,111.7047,41,91,100,0.87,CN,1682276805
211,hawaiian paradise park,19.5933,-154.9731,76,91,75,4.12,US,1682276806
212,khanty-mansiysk,61.0042,69.0019,39,100,40,3.13,RU,1682276806
213,akjoujt,19.6969,-14.4164,92,11,0,5.55,MR,1682276806
214,nagqu,31.5,92.0,26,27,100,7.32,CN,1682276807
215,cold lake,54.4502,-110.2017,44,44,100,5.88,CA,1682276807
216,airuk,7.2772,168.8203,82,80,99,8.77,MH,1682276808
217,sicuani,-14.2694,-71.2261,64,32,11,2.74,PE,1682276808
218,louga,58.7372,29.8453,53,69,18,2.74,RU,1682276809
219,galveston,29.3669,-94.9669,64,77,100,9.26,US,1682276809
220,gibsons,49.3997,-123.5027,54,93,100,3.28,CA,1682276810
221,atafu village,-8.5421,-172.5159,83,72,80,1.74,TK,1682276810
222,hanzhong,33.0728,107.0303,42,95,100,0.24,CN,1682276811
223,khor,47.8861,134.9464,36,75,100,4.4,RU,1682276811
224,masterton,-40.9597,175.6575,47,95,100,5.34,NZ,1682276812
225,korsakov,46.6328,142.7813,34,84,100,4.61,RU,1682276812
226,kirkland lake,48.1446,-80.0377,37,97,100,1.07,CA,1682276813
227,amursk,50.2261,136.8994,34,99,100,0.73,RU,1682276813
228,ekibastuz,51.6667,75.3667,51,43,69,8.1,KZ,1682276814
229,qalat,32.1058,66.9083,67,15,92,2.72,AF,1682276814
230,sofiyivka,48.0493,33.8746,51,72,25,2.39,UA,1682276814
231,krivosheino,57.3431,83.9261,38,82,100,4.96,RU,1682276816
232,umba,66.6871,34.3429,25,83,95,2.26,RU,1682276816
233,uba,-21.12,-42.9428,75,66,49,2.56,BR,1682276816
234,ushtobe,45.2514,77.9838,55,32,81,2.42,KZ,1682276817
235,acarau,-2.8856,-40.12,83,72,100,4.71,BR,1682276817
236,zouerate,22.7187,-12.4521,85,16,0,4.61,MR,1682276818
237,hammerfest,70.6634,23.6821,29,93,75,3.6,NO,1682276628
238,grand falls-windsor,48.9332,-55.6649,38,93,100,2.68,CA,1682276818
239,freetown,8.484,-13.2299,82,75,0,5.33,SL,1682276819
240,richards bay,-28.783,32.0377,67,81,0,0.98,ZA,1682276819
241,touros,-5.1989,-35.4608,83,70,49,5.61,BR,1682276539
242,pangoa,-12.1167,-73.0,79,73,97,1.7,PE,1682276820
243,magadan,59.5667,150.8,31,62,84,6.74,RU,1682276821
244,antsiranana,-12.2787,49.2917,76,93,6,3.38,MG,1682276821
245,malvan,16.0667,73.4667,80,72,5,4.21,IN,1682276821
246,hillvue,-31.1244,150.915,48,93,10,2.57,AU,1682276822
247,novaya igirma,57.1334,103.9112,17,94,25,1.1,RU,1682276822
248,vadso,70.0744,29.7487,30,80,40,8.75,NO,1682276593
249,breisach am rhein,48.0333,7.5833,56,80,0,3.6,DE,1682276823
250,wuyang,31.9925,116.2472,49,92,100,5.16,CN,1682276824
251,wewak,-3.5534,143.6268,79,82,100,1.79,PG,1682276824
252,yarim,14.298,44.3779,59,65,22,1.08,YE,1682276825
253,palikir - national government center,6.9248,158.1611,74,94,100,0.0,FM,1682276825
254,ardabil,38.2498,48.2933,55,62,100,0.6,IR,1682276825
255,duong dong,10.2167,103.9667,83,76,86,2.78,VN,1682276826
256,harnosand,62.6323,17.9379,30,96,100,8.15,SE,1682276826
257,kardla,58.9978,22.7492,49,66,1,3.93,EE,1682276827
258,san borja,-14.8167,-66.85,77,72,99,0.68,BO,1682276827
259,igarka,67.4667,86.5833,32,95,100,6.64,RU,1682276828
260,alaghsas,17.0187,8.0168,89,5,64,4.18,NE,1682276828
261,chapeco,-27.0964,-52.6183,75,41,11,0.58,BR,1682276828
262,hsinchu,24.8036,120.9686,75,93,16,1.34,TW,1682276829
263,socorro,31.6546,-106.3033,70,29,20,4.63,US,1682276629
264,redcliff,-19.0333,29.7833,69,36,100,3.3,ZW,1682276830
265,rongelap,11.1635,166.8941,81,81,82,9.41,MH,1682276830
266,kalmunai,7.4167,81.8167,82,76,100,2.07,LK,1682276830
267,santa rosa,14.3122,121.1114,85,77,37,3.72,PH,1682276827
268,brookings,44.3114,-96.7984,45,43,75,4.12,US,1682276806
269,pasni,25.2631,63.471,79,87,100,2.33,PK,1682276832
270,clifton,40.8584,-74.1638,69,47,20,4.12,US,1682276688
271,kingston,17.997,-76.7936,88,66,85,1.34,JM,1682276758
272,ierapetra,35.01,25.7353,64,59,0,4.02,GR,1682276833
273,newman,37.3138,-121.0208,77,55,73,1.34,US,1682276834
274,zhanaozen,43.3,52.8,69,25,90,6.94,KZ,1682276834
275,dazhou,31.2159,107.5009,47,89,100,2.37,CN,1682276835
276,sao felix do xingu,-6.6447,-51.995,85,63,96,1.77,BR,1682276836
277,petropavlovsk-kamchatsky,53.0452,158.6483,31,93,75,1.0,RU,1682276836
278,ingeniero guillermo n. juarez,-23.9,-61.85,80,49,64,0.14,AR,1682276837
279,remire-montjoly,4.9167,-52.2667,79,89,0,1.03,GF,1682276837
280,pampierstad,-27.7832,24.6877,62,25,15,0.51,ZA,1682276837
281,elliot lake,46.3834,-82.6331,36,97,100,2.28,CA,1682276838
282,nouadhibou,20.931,-17.0347,72,73,0,8.75,MR,1682276838
283,suoyarvi,62.0833,32.35,32,96,100,2.39,RU,1682276839
284,nejo,9.5,35.5,65,69,100,2.5,ET,1682276839
285,kangasniemi,61.9936,26.6479,50,85,100,3.4,FI,1682276840
286,shimla,31.1,77.1667,49,52,100,2.79,IN,1682277237
287,al wakrah,24.85,51.3333,79,39,3,1.31,QA,1682276841
288,quixere,-5.0742,-37.9886,88,49,100,3.13,BR,1682276841
289,nola,40.922,14.5329,63,67,9,1.24,IT,1682276842
290,punta arenas,-53.15,-70.9167,50,50,0,8.23,CL,1682276842
291,longyearbyen,78.2186,15.6401,19,63,0,2.06,SJ,1682276842
292,lorengau,-2.0226,147.2712,81,81,100,3.41,PG,1682276843
293,forbes,-33.3833,148.0167,54,88,0,1.91,AU,1682276843
294,dasha,23.11,113.4444,77,86,92,2.33,CN,1682276844
295,port lincoln,-34.7333,135.8667,64,78,0,4.5,AU,1682276844
296,chu,43.5983,73.7614,56,44,28,3.54,KZ,1682276845
297,prince rupert,54.3161,-130.3201,45,90,100,1.92,CA,1682276845
298,xilin hot,43.9667,116.0333,38,35,10,1.59,CN,1682276720
299,natal,-5.795,-35.2094,87,62,40,6.17,BR,1682276615
300,chui,-33.6971,-53.4616,71,66,100,4.06,UY,1682276847
301,ataq,14.5377,46.8319,75,60,2,4.05,YE,1682276847
302,hobyo,5.3505,48.5268,84,75,100,7.59,SO,1682276848
303,amos,48.5669,-78.1162,41,88,100,3.19,CA,1682276708
304,saint-francois,46.4154,3.9054,53,86,36,1.54,FR,1682276848
305,urengoy,65.9667,78.3667,33,98,100,5.2,RU,1682276849
306,vila franca do campo,37.7167,-25.4333,65,93,71,6.68,PT,1682276850
307,mariehamn,60.0973,19.9348,44,81,0,5.14,AX,1682276850
308,daga,27.0753,89.8769,53,92,97,1.71,BT,1682276851
309,ghat,24.9647,10.1728,82,13,100,5.99,LY,1682276851
310,tadjourah,12.0,42.5,82,55,97,6.2,DJ,1682276852
311,kyakhta,50.3508,106.4494,35,39,100,3.32,RU,1682276852
312,colonia,50.9333,6.95,57,80,20,4.12,DE,1682276670
313,brokopondo,4.75,-55.1667,82,72,100,2.15,SR,1682276853
314,puerto baquerizo moreno,-0.9,-89.6,83,74,75,5.14,EC,1682276853
315,fort bragg,35.139,-79.006,74,33,0,4.63,US,1682276854
316,bloemfontein,-29.1211,26.214,60,30,100,2.52,ZA,1682276854
317,menongue,-14.6585,17.691,70,64,94,1.87,AO,1682276855
318,nova sintra,14.8667,-24.7167,68,75,1,10.39,CV,1682276855
319,motril,36.7507,-3.5179,72,66,0,1.04,ES,1682276856
320,buon ma thuot,12.6667,108.05,70,79,54,1.48,VN,1682276856
321,san antonio de pale,-1.4014,5.6325,82,72,57,1.2,GQ,1682276560
322,richfield,44.8833,-93.283,43,50,100,5.14,US,1682276711
323,ballycastle,55.2044,-6.243,50,65,91,4.21,GB,1682276857
324,tamanrasset,22.785,5.5228,79,11,0,1.03,DZ,1682276858
325,pemangkat,1.1667,108.9667,79,83,100,1.62,ID,1682276858
326,horki,54.2861,30.9842,53,68,68,2.81,BY,1682276858
327,smiltene,57.4244,25.9016,51,68,2,2.95,LV,1682276859
328,imbituba,-28.24,-48.6703,77,67,19,3.41,BR,1682276860
329,matoury,4.8483,-52.3317,79,89,0,1.03,GF,1682276860
330,carolina beach,34.0352,-77.8936,75,46,14,2.4,US,1682276860
331,tolanaro,-25.0319,46.9987,72,93,100,2.68,MG,1682276861
332,marcala,14.15,-88.0333,80,46,97,2.67,HN,1682276861
333,mufulira,-12.5498,28.2407,65,87,100,2.3,ZM,1682276862
334,bengkulu,-3.8004,102.2655,77,88,18,2.12,ID,1682276862
335,san clemente del tuyu,-36.3569,-56.7235,66,69,90,3.13,AR,1682276863
336,tenenkou,14.4572,-4.9169,97,11,7,4.19,ML,1682276863
337,castillos,-34.1667,-53.8333,69,75,100,3.79,UY,1682276864
338,grabouw,-34.1515,19.0151,61,96,100,3.87,ZA,1682276864
339,mount isa,-20.7333,139.5,73,40,97,2.06,AU,1682276864
340,pariaman,-0.619,100.12,79,87,100,1.46,ID,1682276865
341,muravlenko,63.7898,74.523,34,99,100,6.21,RU,1682276865
342,carbonear,47.7332,-53.2148,41,92,100,8.44,CA,1682276866
343,bikenibeu village,1.3673,173.1241,82,78,20,3.09,KI,1682276866
344,talas,38.6908,35.5538,45,100,75,3.09,TR,1682276867
345,atherton,53.5237,-2.4935,51,81,96,0.45,GB,1682276853
346,acapulco de juarez,16.8634,-99.8901,88,62,0,2.57,MX,1682276868
347,roma,43.2128,-75.4557,55,63,100,5.14,US,1682276766
348,ulanhot,46.0833,122.0833,37,18,0,2.38,CN,1682276869
349,selfoss,63.9331,-20.9971,39,85,63,2.83,IS,1682276869
350,lamu,-2.2717,40.902,81,85,100,3.07,KE,1682276870
351,serendah,3.3646,101.6041,80,96,100,1.33,MY,1682276870
352,kruisfontein,-34.0033,24.7314,67,63,99,1.11,ZA,1682276871
353,holualoa,19.6228,-155.9522,75,87,100,4.63,US,1682276871
354,saint-jean-de-vedas,43.5776,3.826,57,88,0,3.09,FR,1682276872
355,primorsk,46.7348,36.3443,50,75,85,2.05,UA,1682276872
356,nahiyat al fuhud,30.9697,46.7228,89,17,100,1.87,IQ,1682276873
357,toropets,56.4978,31.6353,51,63,43,2.99,RU,1682276873
358,murun-kuren,49.6342,100.1625,34,46,100,1.8,MN,1682276874
359,funafuti,-8.5243,179.1942,84,84,20,0.0,TV,1682276874
360,camana,-16.6228,-72.7111,75,71,3,5.18,PE,1682276874
361,el coacoyul,17.6167,-101.4333,87,62,40,4.63,MX,1682276875
362,bozoum,6.3193,16.3799,70,90,100,2.16,CF,1682276875
363,chiredzi,-21.05,31.6667,74,42,92,2.07,ZW,1682276876
364,weno,7.4515,151.8468,82,89,75,1.54,FM,1682276876
365,kidal,18.4411,1.4078,92,15,62,6.28,ML,1682276876
366,el granada,37.5027,-122.4694,67,89,100,9.77,US,1682276877
367,marsa alam,25.0757,34.8918,78,64,100,6.6,EG,1682276877
368,kumylzhenskaya,49.8809,42.5898,50,79,94,1.58,RU,1682276878
369,rawson,-43.3002,-65.1023,74,28,10,0.92,AR,1682276878
370,tugulym,57.0591,64.6425,41,90,11,3.43,RU,1682276878
371,impfondo,1.6381,18.0667,73,90,60,2.78,CG,1682276879
372,kirakira,-10.4544,161.9205,80,84,13,2.73,SB,1682276879
373,tongchuan,35.0806,109.0897,35,98,100,1.73,CN,1682276880
374,torreon,25.55,-103.4333,90,9,20,3.09,MX,1682276724
375,mount pleasant,32.7941,-79.8626,79,43,0,2.57,US,1682276880
376,maintirano,-18.0667,44.0167,77,80,0,4.21,MG,1682276881
377,yatou,37.15,122.3833,50,44,100,3.64,CN,1682276881
378,chernyshevskiy,63.0128,112.4714,6,99,100,1.63,RU,1682276882
379,labrador city,52.9463,-66.9114,46,67,100,5.51,CA,1682276882
380,cockermouth,54.6621,-3.3609,47,84,79,2.68,GB,1682276883
381,hit,33.6416,42.8251,84,27,100,2.0,IQ,1682276883
382,mogocha,53.7333,119.7667,22,85,100,0.54,RU,1682276883
383,hotan,37.0997,79.9269,62,13,0,2.58,CN,1682276884
384,mata-utu,-13.2816,-176.1745,81,79,96,4.5,WF,1682276884
385,al ghayzah,16.2079,52.176,83,69,0,5.53,YE,1682276885
386,port pirie,-33.1833,138.0167,62,52,0,2.92,AU,1682276885
387,robore,-18.3333,-59.75,88,37,70,0.2,BO,1682276596
388,butembo,0.15,29.2833,59,100,100,1.11,CD,1682276886
389,ulsteinvik,62.3432,5.8487,40,88,100,8.05,NO,1682276886
390,cidreira,-30.1811,-50.2056,73,72,45,5.44,BR,1682276887
391,meadow lakes,61.6247,-149.6011,38,43,0,8.23,US,1682276887
392,howrah,22.5892,88.3103,79,78,40,0.0,IN,1682276888
393,road town,18.4167,-64.6167,81,74,75,2.06,VG,1682276888
394,courtenay,49.6866,-124.9936,54,67,75,2.57,CA,1682276734
395,poli,-3.3333,36.8,61,95,100,0.9,TZ,1682276889
396,lahij,13.1667,44.5833,80,65,1,2.63,YE,1682276889
397,tidaholm,58.1804,13.9582,46,84,100,3.51,SE,1682276890
398,kapa'a,22.0752,-159.319,79,94,100,1.54,US,1682276890
399,canton,23.1167,113.25,77,82,98,3.31,CN,1682276790
400,mariinsk,56.2139,87.7472,35,83,100,2.8,RU,1682276891
401,buka,40.8108,69.1986,66,31,96,2.67,UZ,1682276891
402,padang,-0.9492,100.3543,78,91,100,1.91,ID,1682276892
403,nikel,69.4128,30.222,29,87,82,6.45,RU,1682276892
404,nova xavantina,-14.6667,-52.35,81,80,99,1.31,BR,1682276893
405,puerto san jose,13.9256,-90.8244,90,55,7,5.97,GT,1682276893
406,kertih,4.5141,103.4483,79,84,83,0.78,MY,1682276893
407,tagta,41.6504,59.9164,66,37,0,4.12,TM,1682276894
408,north platte,41.1239,-100.7654,55,27,40,4.47,US,1682276894
409,nicoya,10.1483,-85.452,97,32,22,2.0,CR,1682276895
410,kingscliff,-28.2667,153.5667,70,78,75,6.69,AU,1682276895
411,mejit,10.2753,170.8646,81,81,31,9.93,MH,1682276896
412,bamboo flat,11.7,92.7167,83,71,96,0.45,IN,1682276896
413,klaksvik,62.2266,-6.589,37,67,100,11.62,FO,1682276897
414,puerto cabezas,14.0351,-83.3888,87,53,91,4.24,NI,1682276897
415,shimoda,34.6667,138.95,52,65,85,6.56,JP,1682276898
416,taltal,-25.4,-70.4833,68,73,14,2.57,CL,1682276898
417,nanao,37.05,136.9667,46,57,93,2.51,JP,1682276899
418,banda aceh,5.5577,95.3222,81,79,72,1.28,ID,1682276899
419,khanpur,28.6453,70.6567,83,14,1,4.06,PK,1682276900
420,bambang,16.3833,121.1,74,98,99,1.18,PH,1682276900
421,usinsk,65.9939,57.5281,20,89,95,5.43,RU,1682276901
422,inhambane,-23.865,35.3833,72,90,3,3.36,MZ,1682276901
423,san angelo,31.4638,-100.437,48,86,100,7.2,US,1682276690
424,dolores,-36.3132,-57.6792,73,42,93,2.54,AR,1682276902
425,pisco,-13.7,-76.2167,77,69,1,3.09,PE,1682276903
426,gwadar,25.1216,62.3254,81,83,100,5.56,PK,1682276903
427,shuangyang,43.5242,125.6736,35,21,0,2.33,CN,1682276903
428,nizhnyaya poyma,56.1622,97.1933,27,93,32,1.6,RU,1682276904
429,malango,-2.9627,119.9001,67,97,97,1.04,ID,1682276904
430,ar ruways,24.1103,52.7306,80,41,0,3.41,AE,1682276905
431,mogadishu,2.0371,45.3438,84,73,100,3.31,SO,1682276905
432,rozhyshche,50.9154,25.2691,57,53,98,4.33,UA,1682276906
433,hithadhoo,-0.6,73.0833,84,73,93,2.87,MV,1682276906
434,muroto-misakicho,33.2833,134.15,56,54,18,10.25,JP,1682276906
435,santa helena de goias,-17.8136,-50.5969,80,62,100,2.79,BR,1682276838
436,whakatane,-37.9585,176.9854,59,99,24,2.99,NZ,1682276627
437,al ain city,24.1917,55.7606,78,34,0,2.57,AE,1682276908
438,las heras,-46.5419,-68.9359,61,38,100,6.33,AR,1682276908
439,orsa,54.5153,30.4053,53,70,100,3.06,BY,1682276909
440,visakhapatnam,17.69,83.2093,80,94,40,1.03,IN,1682276909
441,minas de marcona,-15.2119,-75.1103,74,53,2,6.1,PE,1682276910
442,tralee,52.2704,-9.7026,48,84,13,3.58,IE,1682276910
443,iquique,-20.2208,-70.1431,73,75,8,3.44,CL,1682276639
444,ola,59.5833,151.2833,31,69,85,8.08,RU,1682276911
445,tisaiyanvilai,8.3333,77.8833,84,72,100,2.29,IN,1682276911
446,alenquer,-1.9417,-54.7383,81,82,100,1.57,BR,1682276637
447,krasnogorskiy,54.6025,61.231,44,74,7,4.58,RU,1682276912
448,necochea,-38.5473,-58.7368,67,54,0,2.72,AR,1682276912
449,mikhaylovsk,45.1283,42.0256,48,81,0,4.02,RU,1682276913
450,kolonia,50.9333,6.95,57,80,20,4.12,DE,1682276913
451,orange,33.7,-117.7675,85,59,0,6.69,US,1682276869
452,cartagena del chaira,1.3349,-74.8429,73,98,100,0.26,CO,1682276914
453,general conesa,-40.1,-64.4333,76,31,0,7.29,AR,1682276915
454,cafayate,-26.073,-65.9761,60,81,90,3.57,AR,1682276915
455,kismayo,-0.3582,42.5454,84,73,100,2.47,SO,1682276916
456,christchurch,-43.5333,172.6333,51,57,13,7.2,NZ,1682276816
457,harper,4.375,-7.7169,81,86,50,3.52,LR,1682277323
458,mili,6.0815,171.735,82,81,100,8.76,MH,1682277323
459,happy valley-goose bay,53.3168,-60.3315,47,61,20,5.66,CA,1682277323
460,yendi,9.4427,-0.0099,79,62,100,4.61,GH,1682277324
461,chuhar jamali,24.3895,67.9923,80,63,4,5.2,PK,1682277324
462,melito di porto salvo,37.9222,15.7714,64,77,90,0.0,IT,1682277325
463,nykoping,58.753,17.0079,50,93,75,3.6,SE,1682277325
464,porto novo,6.4965,2.6036,82,78,100,3.84,BJ,1682277325
465,burang,30.25,81.1667,17,83,100,0.84,CN,1682277131
466,bontang,0.1333,117.5,81,83,72,2.5,ID,1682277326
467,mo i rana,66.3128,14.1428,34,44,0,2.57,NO,1682277327
468,isoka,-10.1606,32.6335,63,94,86,0.31,ZM,1682277327
469,rabo de peixe,37.8,-25.5833,64,94,40,7.2,PT,1682277328
470,yambio,4.5721,28.3955,67,97,100,1.84,SS,1682277328
471,salavan,15.7167,106.4167,72,92,36,0.49,LA,1682277329
472,toamasina,-18.1667,49.3833,73,94,75,1.03,MG,1682277329
473,san patricio,28.017,-97.5169,66,93,100,8.27,US,1682277295
474,bonita springs,26.3398,-81.7787,91,55,2,0.89,US,1682277330
475,pacific grove,36.6177,-121.9166,65,86,100,3.09,US,1682277116
476,undurkhaan,47.3194,110.6556,41,20,100,1.8,MN,1682277331
477,meulaboh,4.1363,96.1285,79,88,100,1.53,ID,1682277332
478,neiafu,-18.65,-173.9833,70,94,20,0.0,TO,1682277333
479,tocopilla,-22.092,-70.1979,70,78,23,2.21,CL,1682277333
480,sao gabriel da cachoeira,-0.1303,-67.0892,86,84,0,1.03,BR,1682277333
481,san rafael,-34.6177,-68.3301,71,38,3,2.36,AR,1682277334
482,aitape,-3.1374,142.3475,77,85,84,2.26,PG,1682277334
483,stornoway,58.2093,-6.3865,43,80,75,10.8,GB,1682277335
484,san jose del guaviare,2.5729,-72.6459,74,88,100,0.88,CO,1682277335
485,dhamar,14.5427,44.4051,62,64,76,1.7,YE,1682277336
486,saynshand,44.8824,110.1163,46,16,100,3.15,MN,1682277336
487,taro,-8.3862,115.28,75,96,74,0.53,ID,1682277337
488,sidon,33.5631,35.3689,66,74,38,1.1,LB,1682277337
489,peterhead,57.5058,-1.7981,41,79,100,12.72,GB,1682277338
490,suez,29.9737,32.5263,70,42,34,6.65,EG,1682277338
491,cabedelo,-6.9811,-34.8339,87,73,77,5.77,BR,1682277276
492,lincoln,40.8,-96.667,56,40,75,5.66,US,1682277331
493,sehwan,26.4279,67.863,87,5,10,2.56,PK,1682277339
494,chelak,39.9203,66.8611,65,27,99,3.52,UZ,1682277340
495,nikolayevsk-on-amure,53.1406,140.73,28,85,29,3.52,RU,1682277341
496,vologda,59.2187,39.8886,53,63,100,3.24,RU,1682277341
497,panama city beach,30.1766,-85.8055,84,28,0,2.57,US,1682277341
498,bodaybo,57.8506,114.1933,11,97,79,0.25,RU,1682277342
499,usogorsk,63.4106,48.6872,23,92,58,1.67,RU,1682277343
500,auburn,47.3073,-122.2284,55,75,100,8.23,US,1682277343
501,cururupu,-1.8283,-44.8683,86,63,100,2.84,BR,1682277343
502,plettenberg bay,-34.0527,23.3716,66,72,93,0.84,ZA,1682277143
503,paracuru,-3.41,-39.0306,84,84,100,5.53,BR,1682277344
504,bassila,9.0081,1.6654,78,76,100,2.02,BJ,1682277345
505,zima,53.9202,102.0442,29,61,7,1.34,RU,1682277345
506,zhicheng,30.2956,111.5047,47,89,100,1.53,CN,1682277345
507,aras-asan,8.8908,126.3033,79,86,67,1.5,PH,1682277346
508,dragash,42.0625,20.6533,47,79,41,2.52,XK,1682277346
509,barcelona,41.3888,2.159,70,63,20,6.69,ES,1682277347
510,mahibadhoo,3.7833,72.9667,84,74,59,3.54,MV,1682277348
511,ihsaniye,40.6909,29.8347,50,96,12,2.33,TR,1682277348
512,tommot,58.9564,126.2925,20,97,100,1.23,RU,1682277348
513,chilca,-12.5211,-76.7372,76,74,2,3.91,PE,1682277349
514,sparti,37.0733,22.4297,62,86,86,0.24,GR,1682277349
515,arica,-18.475,-70.3042,82,64,0,5.14,CL,1682277350
516,mount darwin,-16.7725,31.5838,68,53,99,1.24,ZW,1682277350
517,westport,41.1415,-73.3579,67,77,100,3.09,US,1682277337
518,kedougou,12.5579,-12.1743,105,16,0,0.0,SN,1682277351
519,labytnangi,66.6572,66.4183,24,79,100,7.69,RU,1682277351
520,gdov,58.7406,27.8122,49,71,92,3.68,RU,1682277352
521,yanbu,24.0891,38.0637,83,69,64,1.33,SA,1682277107
522,belmonte,-15.8631,-38.8828,77,89,93,5.82,BR,1682277262
523,fort wellington,6.4,-57.6,75,93,100,1.79,GY,1682277353
524,nantucket,41.2835,-70.0995,52,85,100,9.26,US,1682277353
525,ginir,7.1333,40.7,60,85,100,1.27,ET,1682277354
526,isperih,43.7167,26.8333,50,72,53,3.74,BG,1682277355
527,geraldton,-28.7667,114.6,70,78,100,5.14,AU,1682277355
528,yutan,28.25,112.55,46,93,100,5.2,CN,1682277356
529,kitgum,3.2783,32.8867,66,97,100,0.23,UG,1682277356
530,rochester,43.1548,-77.6156,50,57,100,6.69,US,1682277216
531,howard springs,-12.497,131.047,75,75,72,3.0,AU,1682277357
532,la libertad,-2.2333,-80.9,80,78,0,4.63,EC,1682277357
533,nemuro,43.3236,145.575,35,82,51,5.39,JP,1682277358
534,tanque verde,32.2517,-110.7373,89,15,0,4.47,US,1682277358
535,souillac,-20.5167,57.5167,77,88,40,1.54,MU,1682277359
536,sitka,57.0531,-135.33,46,87,100,2.06,US,1682277359
537,vernon,50.2581,-119.2691,49,78,100,1.34,CA,1682277336
538,akseki,37.0486,31.79,46,74,88,1.32,TR,1682277360
539,sur,22.5667,59.5289,79,65,87,6.45,OM,1682277360
540,mount carmel,38.4109,-87.7614,52,42,100,5.49,US,1682277361
541,bon-encontre,44.1852,0.6676,57,77,0,3.09,FR,1682277361
542,luis correia,-2.8792,-41.6669,84,74,100,4.06,BR,1682277362
543,midland,31.9974,-102.0779,46,89,100,4.63,US,1682277362
544,xenia,39.6848,-83.9296,48,52,100,6.69,US,1682277197
545,doka,13.5167,35.7667,93,12,100,1.22,SD,1682277363
546,macapa,0.0389,-51.0664,82,83,75,2.06,BR,1682277364
547,bargaal,11.2864,51.0773,81,72,12,1.71,SO,1682277364
548,concepcion,-36.827,-73.0498,62,67,0,3.09,CL,1682277365
549,kapuskasing,49.4169,-82.4331,32,86,100,3.6,CA,1682277365
550,north bend,43.4065,-124.2243,52,80,100,3.6,US,1682277366
551,lospalos,-8.5186,127.0025,72,96,98,2.47,TL,1682277366
552,puyang chengguanzhen,35.7028,115.0053,46,96,100,4.32,CN,1682277367
553,kill devil hills,36.0307,-75.676,72,56,0,4.63,US,1682277367
554,santarem,-2.4431,-54.7083,79,83,75,7.72,BR,1682277368
555,debre mark'os,10.35,37.7333,63,28,59,2.56,ET,1682277368
556,idri,27.5,13.2667,80,26,100,7.07,LY,1682277368
557,camarinas,43.1311,-9.1817,62,95,41,3.98,ES,1682277369
558,kone,-21.0595,164.8658,73,95,71,1.42,NC,1682277369
559,yakeshi,49.2833,120.7333,28,28,100,1.28,CN,1682277370
560,naze,28.3667,129.4833,69,81,31,6.66,JP,1682277370
561,west bay,19.3667,-81.4167,86,62,20,4.12,KY,1682277140
562,mournies,35.4764,24.0092,60,88,20,4.63,GR,1682277371
563,coquimbo,-29.9533,-71.3436,66,68,20,5.14,CL,1682277197
564,brampton,43.6834,-79.7663,47,58,100,3.09,CA,1682277298
565,conceicao do mato dentro,-19.0372,-43.425,73,76,55,1.88,BR,1682277372
566,turbat,26.0023,63.044,84,38,57,2.3,PK,1682277392
567,the pas,53.8251,-101.2541,37,32,0,3.6,CA,1682277392
568,brisas de zicatela,15.8369,-97.0419,88,62,20,4.12,MX,1682277393
569,makurdi,7.7411,8.5121,87,58,100,4.72,NG,1682277393
570,darovskoy,58.77,47.9564,49,66,100,1.84,RU,1682277394
571,"laikit, laikit ii (dimembe)",1.4792,124.9735,71,100,40,1.03,ID,1682277394
572,sidi aissa,35.8855,3.7724,68,46,0,4.58,DZ,1682277395
573,lichtenburg,-26.152,26.1597,62,21,95,1.61,ZA,1682277395
574,kindu,-2.95,25.95,68,100,100,0.68,CD,1682277396
575,miracema do tocantins,-9.5618,-48.3967,88,59,92,2.07,BR,1682277396
576,reggane,26.7158,0.1714,87,14,100,3.64,DZ,1682277396
577,jinghong,21.991,100.7341,74,47,6,1.18,CN,1682277397
578,mohale's hoek,-30.1514,27.4769,57,49,99,1.29,LS,1682277397
579,san pedro pochutla,15.7333,-96.4667,90,61,78,4.14,MX,1682277398
580,seiada,35.6689,10.8925,70,40,20,5.66,TN,1682277398
581,bayanhongor,46.7167,100.1167,32,79,100,4.17,MN,1682277398
582,omdurman,15.6445,32.4777,98,9,33,3.58,SD,1682277124
583,lodja,-3.4833,23.4333,69,100,100,0.48,CD,1682277400
584,gobabis,-22.45,18.9667,79,33,99,1.03,NA,1682277400
585,gniezno,52.5348,17.5826,59,90,97,3.81,PL,1682277401
586,alta sierra,35.7291,-118.5495,62,47,9,4.06,US,1682277401
587,ponta delgada,37.7333,-25.6667,65,94,40,7.2,PT,1682277401
588,polyarnyy,69.1989,33.4478,28,84,97,10.01,RU,1682277402
589,mallow,52.1333,-8.6333,53,84,25,4.37,IE,1682277105
590,san juan,-31.5375,-68.5364,61,64,100,2.61,AR,1682277403
591,lemoore station,36.2633,-119.9048,79,43,75,1.54,US,1682277403
592,zaragoza,41.6561,-0.8773,65,54,20,6.17,ES,1682277403
